"Label","Alachua County, Florida!!Total!!Estimate","Alachua County, Florida!!Male!!Estimate","Alachua County, Florida!!Female!!Estimate","Baker County, Florida!!Total!!Estimate","Baker County, Florida!!Male!!Estimate","Baker County, Florida!!Female!!Estimate","Bay County, Florida!!Total!!Estimate","Bay County, Florida!!Male!!Estimate","Bay County, Florida!!Female!!Estimate","Bradford County, Florida!!Total!!Estimate","Bradford County, Florida!!Male!!Estimate","Bradford County, Florida!!Female!!Estimate","Brevard County, Florida!!Total!!Estimate","Brevard County, Florida!!Male!!Estimate","Brevard County, Florida!!Female!!Estimate","Broward County, Florida!!Total!!Estimate","Broward County, Florida!!Male!!Estimate","Broward County, Florida!!Female!!Estimate","Calhoun County, Florida!!Total!!Estimate","Calhoun County, Florida!!Male!!Estimate","Calhoun County, Florida!!Female!!Estimate","Charlotte County, Florida!!Total!!Estimate","Charlotte County, Florida!!Male!!Estimate","Charlotte County, Florida!!Female!!Estimate","Citrus County, Florida!!Total!!Estimate","Citrus County, Florida!!Male!!Estimate","Citrus County, Florida!!Female!!Estimate","Clay County, Florida!!Total!!Estimate","Clay County, Florida!!Male!!Estimate","Clay County, Florida!!Female!!Estimate","Collier County, Florida!!Total!!Estimate","Collier County, Florida!!Male!!Estimate","Collier County, Florida!!Female!!Estimate","Columbia County, Florida!!Total!!Estimate","Columbia County, Florida!!Male!!Estimate","Columbia County, Florida!!Female!!Estimate","DeSoto County, Florida!!Total!!Estimate","DeSoto County, Florida!!Male!!Estimate","DeSoto County, Florida!!Female!!Estimate","Dixie County, Florida!!Total!!Estimate","Dixie County, Florida!!Male!!Estimate","Dixie County, Florida!!Female!!Estimate","Duval County, Florida!!Total!!Estimate","Duval County, Florida!!Male!!Estimate","Duval County, Florida!!Female!!Estimate","Escambia County, Florida!!Total!!Estimate","Escambia County, Florida!!Male!!Estimate","Escambia County, Florida!!Female!!Estimate","Flagler County, Florida!!Total!!Estimate","Flagler County, Florida!!Male!!Estimate","Flagler County, Florida!!Female!!Estimate","Franklin County, Florida!!Total!!Estimate","Franklin County, Florida!!Male!!Estimate","Franklin County, Florida!!Female!!Estimate","Gadsden County, Florida!!Total!!Estimate","Gadsden County, Florida!!Male!!Estimate","Gadsden County, Florida!!Female!!Estimate","Gilchrist County, Florida!!Total!!Estimate","Gilchrist County, Florida!!Male!!Estimate","Gilchrist County, Florida!!Female!!Estimate","Glades County, Florida!!Total!!Estimate","Glades County, Florida!!Male!!Estimate","Glades County, Florida!!Female!!Estimate","Gulf County, Florida!!Total!!Estimate","Gulf County, Florida!!Male!!Estimate","Gulf County, Florida!!Female!!Estimate","Hamilton County, Florida!!Total!!Estimate","Hamilton County, Florida!!Male!!Estimate","Hamilton County, Florida!!Female!!Estimate","Hardee County, Florida!!Total!!Estimate","Hardee County, Florida!!Male!!Estimate","Hardee County, Florida!!Female!!Estimate","Hendry County, Florida!!Total!!Estimate","Hendry County, Florida!!Male!!Estimate","Hendry County, Florida!!Female!!Estimate","Hernando County, Florida!!Total!!Estimate","Hernando County, Florida!!Male!!Estimate","Hernando County, Florida!!Female!!Estimate","Highlands County, Florida!!Total!!Estimate","Highlands County, Florida!!Male!!Estimate","Highlands County, Florida!!Female!!Estimate","Hillsborough County, Florida!!Total!!Estimate","Hillsborough County, Florida!!Male!!Estimate","Hillsborough County, Florida!!Female!!Estimate","Holmes County, Florida!!Total!!Estimate","Holmes County, Florida!!Male!!Estimate","Holmes County, Florida!!Female!!Estimate","Indian River County, Florida!!Total!!Estimate","Indian River County, Florida!!Male!!Estimate","Indian River County, Florida!!Female!!Estimate","Jackson County, Florida!!Total!!Estimate","Jackson County, Florida!!Male!!Estimate","Jackson County, Florida!!Female!!Estimate","Jefferson County, Florida!!Total!!Estimate","Jefferson County, Florida!!Male!!Estimate","Jefferson County, Florida!!Female!!Estimate","Lafayette County, Florida!!Total!!Estimate","Lafayette County, Florida!!Male!!Estimate","Lafayette County, Florida!!Female!!Estimate","Lake County, Florida!!Total!!Estimate","Lake County, Florida!!Male!!Estimate","Lake County, Florida!!Female!!Estimate","Lee County, Florida!!Total!!Estimate","Lee County, Florida!!Male!!Estimate","Lee County, Florida!!Female!!Estimate","Leon County, Florida!!Total!!Estimate","Leon County, Florida!!Male!!Estimate","Leon County, Florida!!Female!!Estimate","Levy County, Florida!!Total!!Estimate","Levy County, Florida!!Male!!Estimate","Levy County, Florida!!Female!!Estimate","Liberty County, Florida!!Total!!Estimate","Liberty County, Florida!!Male!!Estimate","Liberty County, Florida!!Female!!Estimate","Madison County, Florida!!Total!!Estimate","Madison County, Florida!!Male!!Estimate","Madison County, Florida!!Female!!Estimate","Manatee County, Florida!!Total!!Estimate","Manatee County, Florida!!Male!!Estimate","Manatee County, Florida!!Female!!Estimate","Marion County, Florida!!Total!!Estimate","Marion County, Florida!!Male!!Estimate","Marion County, Florida!!Female!!Estimate","Martin County, Florida!!Total!!Estimate","Martin County, Florida!!Male!!Estimate","Martin County, Florida!!Female!!Estimate","Miami-Dade County, Florida!!Total!!Estimate","Miami-Dade County, Florida!!Male!!Estimate","Miami-Dade County, Florida!!Female!!Estimate","Monroe County, Florida!!Total!!Estimate","Monroe County, Florida!!Male!!Estimate","Monroe County, Florida!!Female!!Estimate","Nassau County, Florida!!Total!!Estimate","Nassau County, Florida!!Male!!Estimate","Nassau County, Florida!!Female!!Estimate","Okaloosa County, Florida!!Total!!Estimate","Okaloosa County, Florida!!Male!!Estimate","Okaloosa County, Florida!!Female!!Estimate","Okeechobee County, Florida!!Total!!Estimate","Okeechobee County, Florida!!Male!!Estimate","Okeechobee County, Florida!!Female!!Estimate","Orange County, Florida!!Total!!Estimate","Orange County, Florida!!Male!!Estimate","Orange County, Florida!!Female!!Estimate","Osceola County, Florida!!Total!!Estimate","Osceola County, Florida!!Male!!Estimate","Osceola County, Florida!!Female!!Estimate","Palm Beach County, Florida!!Total!!Estimate","Palm Beach County, Florida!!Male!!Estimate","Palm Beach County, Florida!!Female!!Estimate","Pasco County, Florida!!Total!!Estimate","Pasco County, Florida!!Male!!Estimate","Pasco County, Florida!!Female!!Estimate","Pinellas County, Florida!!Total!!Estimate","Pinellas County, Florida!!Male!!Estimate","Pinellas County, Florida!!Female!!Estimate","Polk County, Florida!!Total!!Estimate","Polk County, Florida!!Male!!Estimate","Polk County, Florida!!Female!!Estimate","Putnam County, Florida!!Total!!Estimate","Putnam County, Florida!!Male!!Estimate","Putnam County, Florida!!Female!!Estimate","St. Johns County, Florida!!Total!!Estimate","St. Johns County, Florida!!Male!!Estimate","St. Johns County, Florida!!Female!!Estimate","St. Lucie County, Florida!!Total!!Estimate","St. Lucie County, Florida!!Male!!Estimate","St. Lucie County, Florida!!Female!!Estimate","Santa Rosa County, Florida!!Total!!Estimate","Santa Rosa County, Florida!!Male!!Estimate","Santa Rosa County, Florida!!Female!!Estimate","Sarasota County, Florida!!Total!!Estimate","Sarasota County, Florida!!Male!!Estimate","Sarasota County, Florida!!Female!!Estimate","Seminole County, Florida!!Total!!Estimate","Seminole County, Florida!!Male!!Estimate","Seminole County, Florida!!Female!!Estimate","Sumter County, Florida!!Total!!Estimate","Sumter County, Florida!!Male!!Estimate","Sumter County, Florida!!Female!!Estimate","Suwannee County, Florida!!Total!!Estimate","Suwannee County, Florida!!Male!!Estimate","Suwannee County, Florida!!Female!!Estimate","Taylor County, Florida!!Total!!Estimate","Taylor County, Florida!!Male!!Estimate","Taylor County, Florida!!Female!!Estimate","Union County, Florida!!Total!!Estimate","Union County, Florida!!Male!!Estimate","Union County, Florida!!Female!!Estimate","Volusia County, Florida!!Total!!Estimate","Volusia County, Florida!!Male!!Estimate","Volusia County, Florida!!Female!!Estimate","Wakulla County, Florida!!Total!!Estimate","Wakulla County, Florida!!Male!!Estimate","Wakulla County, Florida!!Female!!Estimate","Walton County, Florida!!Total!!Estimate","Walton County, Florida!!Male!!Estimate","Walton County, Florida!!Female!!Estimate","Washington County, Florida!!Total!!Estimate","Washington County, Florida!!Male!!Estimate","Washington County, Florida!!Female!!Estimate","Florida!!Total!!Estimate","Florida!!Male!!Estimate","Florida!!Female!!Estimate"
"Total population","256,581","124,004","132,577","27,312","14,280","13,032","178,361","88,681","89,680","26,919","14,875","12,044","560,683","273,945","286,738","1,863,780","906,235","957,545","14,550","7,936","6,614","169,642","82,682","86,960","140,453","67,884","72,569","200,346","98,575","101,771","348,236","171,049","177,187","68,198","35,318","32,880","35,134","19,905","15,229","16,084","8,779","7,305","900,890","436,406","464,484","309,574","153,860","155,714","102,917","49,410","53,507","11,705","6,675","5,030","46,153","21,862","24,291","17,033","8,961","8,072","13,420","7,269","6,151","15,851","9,220","6,631","14,362","8,377","5,985","27,302","14,728","12,574","38,376","20,347","18,029","176,797","85,023","91,774","98,862","48,031","50,831","1,323,059","644,746","678,313","19,569","10,463","9,106","145,342","69,798","75,544","48,721","27,001","21,720","14,082","7,483","6,599","8,742","5,015","3,727","317,586","153,595","163,991","680,970","333,403","347,567","284,788","135,482","149,306","39,707","19,555","20,152","8,285","5,224","3,061","18,560","9,750","8,810","353,411","170,779","182,632","340,341","163,611","176,730","153,592","75,837","77,755","2,664,418","1,292,784","1,371,634","77,150","40,911","36,239","77,187","38,139","39,048","195,798","99,177","96,621","39,420","21,306","18,114","1,256,055","617,633","638,422","311,962","153,499","158,463","1,398,757","676,486","722,271","488,310","237,641","250,669","939,548","450,712","488,836","637,691","312,427","325,264","72,304","35,711","36,593","218,362","106,007","112,355","293,136","142,999","150,137","163,903","83,912","79,991","398,011","189,970","208,041","442,905","213,833","229,072","113,589","57,426","56,163","43,653","21,469","22,184","22,582","12,572","10,010","15,159","9,842","5,317","510,806","248,681","262,125","31,314","17,476","13,838","61,528","31,164","30,364","24,627","13,426","11,201","19,934,451","9,741,262","10,193,189"
"AGE","","","","","","","","","","","","","","","","","","","","","","","","","","","","","","","","","","","","","","","","","","","","","","","","","","","","","","","","","","","","","","","","","","","","","","","","","","","","","","","","","","","","","","","","","","","","","","","","","","","","","","","","","","","","","","","","","","","","","","","","","","","","","","","","","","","","","","","","","","","","","","","","","","","","","","","","","","","","","","","","","","","","","","","","","","","","","","","","","","","","","","","","","","","","","","","","","","","","","","","","","","","",""
"    Under 5 years","5.5%","5.8%","5.2%","6.2%","6.4%","6.0%","6.3%","6.5%","6.1%","5.5%","6.0%","4.9%","4.8%","5.1%","4.5%","5.8%","6.1%","5.6%","4.9%","4.1%","5.8%","3.2%","3.5%","2.9%","3.8%","3.9%","3.7%","5.6%","5.9%","5.3%","4.8%","5.0%","4.6%","6.0%","6.0%","5.9%","5.7%","4.9%","6.7%","4.9%","4.5%","5.3%","6.8%","7.1%","6.4%","6.1%","6.1%","6.0%","4.2%","4.6%","3.9%","4.6%","3.5%","6.0%","6.1%","6.3%","5.8%","5.2%","5.1%","5.3%","3.9%","3.5%","4.3%","4.6%","4.2%","5.0%","4.5%","2.7%","7.1%","7.0%","6.7%","7.4%","7.5%","7.2%","7.9%","4.5%","4.9%","4.0%","4.8%","5.0%","4.6%","6.4%","6.7%","6.1%","4.8%","4.6%","4.9%","4.4%","4.6%","4.2%","4.9%","4.7%","5.1%","4.6%","3.8%","5.5%","4.8%","2.5%","8.0%","5.1%","5.4%","4.8%","4.9%","5.1%","4.7%","5.2%","5.6%","4.8%","5.1%","5.5%","4.8%","5.3%","4.9%","5.9%","5.5%","5.8%","5.2%","5.1%","5.4%","4.8%","5.0%","5.3%","4.7%","4.1%","4.2%","4.0%","5.8%","6.1%","5.5%","4.6%","4.5%","4.6%","5.2%","5.7%","4.7%","6.8%","6.8%","6.8%","6.1%","6.1%","6.2%","6.3%","6.5%","6.0%","6.5%","6.8%","6.2%","5.2%","5.4%","4.9%","5.2%","5.5%","4.9%","4.5%","4.8%","4.3%","5.9%","6.2%","5.7%","5.8%","6.5%","5.1%","5.1%","5.1%","5.1%","5.3%","5.6%","5.1%","5.7%","5.9%","5.6%","3.7%","4.0%","3.5%","5.3%","5.6%","5.0%","2.1%","2.1%","2.0%","5.6%","5.5%","5.6%","5.8%","4.7%","7.2%","5.5%","4.0%","8.2%","4.7%","4.9%","4.6%","5.1%","4.4%","6.0%","6.0%","5.6%","6.4%","5.4%","4.3%","6.8%","5.5%","5.7%","5.3%"
"    5 to 9 years","5.1%","5.3%","4.9%","6.5%","6.1%","6.9%","6.1%","6.2%","6.0%","6.0%","6.6%","5.2%","5.0%","5.2%","4.8%","5.9%","6.3%","5.5%","6.4%","5.5%","7.4%","3.3%","3.4%","3.2%","3.7%","4.1%","3.4%","7.0%","7.3%","6.7%","5.0%","5.1%","4.8%","6.3%","6.1%","6.5%","6.0%","5.7%","6.5%","4.9%","4.6%","5.3%","6.4%","6.8%","6.1%","5.6%","5.9%","5.2%","5.1%","5.8%","4.5%","5.0%","4.5%","5.7%","6.1%","6.5%","5.7%","5.2%","4.5%","6.0%","4.8%","4.7%","4.9%","4.0%","3.2%","5.1%","6.1%","6.1%","6.1%","8.6%","7.7%","9.6%","6.8%","6.9%","6.8%","5.2%","5.4%","5.0%","5.1%","5.2%","5.0%","6.5%","6.7%","6.2%","6.4%","5.9%","6.9%","5.0%","5.3%","4.7%","5.0%","4.9%","5.3%","4.6%","4.2%","4.9%","5.6%","3.5%","8.3%","5.4%","5.9%","5.0%","5.1%","5.4%","4.8%","5.2%","5.6%","4.8%","5.6%","5.7%","5.5%","5.3%","5.1%","5.8%","5.9%","5.7%","6.1%","5.6%","5.7%","5.5%","5.3%","5.6%","5.1%","4.4%","4.8%","3.9%","5.6%","5.9%","5.4%","4.0%","3.8%","4.1%","5.6%","6.0%","5.3%","6.1%","6.5%","5.8%","6.0%","5.3%","6.8%","6.3%","6.7%","5.9%","6.6%","7.0%","6.2%","5.4%","5.7%","5.2%","5.7%","5.8%","5.6%","4.5%","4.8%","4.3%","6.6%","6.8%","6.3%","6.0%","6.8%","5.3%","5.5%","5.6%","5.5%","5.6%","5.7%","5.5%","5.9%","6.3%","5.5%","4.1%","4.4%","3.9%","5.9%","5.9%","5.8%","1.8%","1.8%","1.9%","6.2%","6.2%","6.2%","3.5%","3.5%","3.5%","5.3%","3.9%","7.8%","5.0%","5.2%","4.8%","5.1%","4.8%","5.6%","5.1%","5.1%","5.0%","6.3%","5.9%","6.8%","5.6%","5.9%","5.4%"
"    10 to 14 years","4.5%","4.8%","4.2%","7.4%","7.7%","7.1%","5.7%","5.8%","5.6%","5.2%","4.0%","6.6%","5.6%","5.9%","5.3%","6.1%","6.2%","6.0%","5.6%","6.2%","4.8%","4.1%","4.4%","3.8%","4.6%","4.7%","4.5%","6.9%","7.2%","6.6%","5.3%","5.6%","5.0%","6.1%","6.3%","5.9%","5.3%","5.0%","5.7%","5.8%","6.1%","5.5%","6.1%","6.4%","5.8%","5.9%","5.9%","5.9%","5.5%","5.4%","5.5%","4.4%","3.9%","5.0%","6.7%","6.9%","6.5%","5.4%","5.6%","5.2%","5.8%","4.0%","7.9%","3.6%","3.2%","4.1%","5.0%","4.1%","6.2%","6.9%","7.2%","6.5%","8.5%","8.7%","8.3%","5.5%","5.9%","5.2%","4.8%","5.1%","4.6%","6.4%","6.7%","6.1%","5.4%","5.7%","5.0%","4.8%","5.0%","4.6%","5.5%","5.2%","5.9%","4.9%","5.0%","4.9%","6.1%","5.1%","7.4%","5.9%","6.0%","5.7%","5.4%","5.6%","5.2%","5.3%","5.5%","5.0%","5.8%","6.2%","5.5%","4.9%","4.0%","6.4%","5.1%","5.4%","4.8%","5.4%","5.8%","4.9%","5.2%","5.6%","4.8%","5.1%","5.0%","5.3%","5.6%","6.0%","5.3%","4.0%","4.2%","3.8%","5.9%","6.0%","5.7%","5.8%","5.4%","6.2%","6.5%","6.8%","6.2%","6.3%","6.5%","6.2%","7.5%","7.5%","7.5%","5.6%","5.9%","5.3%","5.9%","6.4%","5.5%","4.9%","5.2%","4.6%","6.3%","6.6%","6.0%","6.3%","6.0%","6.6%","7.3%","7.8%","6.8%","6.2%","6.7%","5.7%","6.9%","6.5%","7.3%","4.3%","4.6%","4.0%","6.3%","6.9%","5.8%","2.3%","2.4%","2.3%","6.6%","5.7%","7.4%","6.8%","5.9%","7.9%","5.0%","4.1%","6.7%","5.0%","5.3%","4.8%","6.7%","6.8%","6.5%","6.2%","6.3%","6.1%","4.5%","4.0%","5.0%","5.7%","6.0%","5.5%"
"    15 to 19 years","9.4%","8.8%","9.9%","7.0%","7.2%","6.8%","5.7%","6.1%","5.4%","5.5%","5.7%","5.4%","5.6%","6.1%","5.2%","6.1%","6.4%","5.7%","6.1%","5.4%","7.0%","4.0%","4.4%","3.7%","4.5%","4.8%","4.2%","7.3%","7.7%","6.9%","5.1%","5.4%","4.8%","5.8%","6.0%","5.5%","6.6%","6.9%","6.2%","5.0%","5.4%","4.5%","6.0%","6.3%","5.7%","7.3%","8.1%","6.5%","5.5%","5.8%","5.2%","4.0%","3.3%","5.0%","5.4%","5.7%","5.2%","8.7%","11.3%","5.7%","5.2%","6.1%","4.2%","6.1%","5.6%","6.7%","6.0%","6.3%","5.6%","7.5%","7.5%","7.4%","7.5%","8.1%","6.8%","5.6%","6.1%","5.1%","4.8%","5.0%","4.6%","6.5%","6.9%","6.2%","5.9%","6.3%","5.4%","5.2%","6.2%","4.4%","5.5%","5.3%","5.7%","4.3%","4.0%","4.6%","7.3%","6.6%","8.3%","5.5%","5.9%","5.2%","5.3%","5.4%","5.1%","9.1%","8.7%","9.4%","6.0%","6.6%","5.5%","5.8%","6.1%","5.2%","6.3%","6.2%","6.4%","5.3%","5.7%","5.0%","5.1%","5.6%","4.7%","5.3%","5.5%","5.0%","5.9%","6.2%","5.6%","4.3%","4.3%","4.3%","5.7%","6.1%","5.3%","5.6%","6.1%","5.2%","6.6%","7.6%","5.6%","6.8%","6.9%","6.7%","7.3%","7.7%","6.9%","5.7%","6.0%","5.4%","5.7%","6.0%","5.4%","4.9%","5.2%","4.6%","6.3%","6.6%","6.0%","5.6%","5.7%","5.4%","6.6%","7.1%","6.2%","5.9%","6.2%","5.6%","6.3%","6.5%","6.2%","4.4%","4.7%","4.2%","6.4%","6.8%","6.0%","2.3%","2.5%","2.2%","4.9%","5.3%","4.4%","4.1%","3.8%","4.5%","5.4%","4.7%","6.6%","5.7%","6.1%","5.2%","5.7%","5.7%","5.8%","5.1%","5.6%","4.7%","6.0%","5.9%","6.1%","5.9%","6.3%","5.7%"
"    20 to 24 years","15.7%","16.2%","15.1%","7.4%","8.6%","6.1%","6.6%","7.0%","6.2%","5.7%","6.4%","4.8%","5.6%","6.1%","5.1%","6.2%","6.4%","5.9%","5.8%","6.2%","5.2%","4.2%","4.5%","3.9%","4.2%","4.7%","3.7%","6.0%","6.2%","5.8%","4.9%","5.3%","4.6%","7.0%","8.5%","5.5%","6.8%","8.2%","4.9%","4.7%","4.7%","4.7%","7.3%","7.7%","7.0%","9.0%","9.8%","8.1%","4.5%","5.2%","3.9%","5.5%","7.2%","3.3%","6.8%","7.1%","6.5%","8.6%","11.9%","4.9%","6.1%","4.6%","8.0%","5.4%","6.3%","4.1%","9.9%","14.6%","3.3%","7.2%","8.4%","5.9%","7.4%","8.2%","6.5%","4.9%","5.2%","4.7%","4.7%","5.3%","4.2%","7.0%","7.1%","6.9%","6.6%","8.1%","4.9%","4.9%","5.1%","4.6%","6.3%","7.1%","5.5%","4.9%","5.5%","4.3%","6.2%","8.1%","3.6%","4.9%","5.1%","4.8%","5.2%","5.4%","5.0%","17.0%","17.1%","17.0%","5.0%","5.4%","4.6%","10.7%","13.8%","5.6%","6.1%","6.9%","5.2%","5.1%","5.5%","4.8%","5.3%","5.6%","5.0%","4.5%","4.8%","4.2%","6.9%","7.1%","6.6%","5.5%","5.9%","5.0%","5.4%","5.5%","5.3%","7.7%","8.7%","6.7%","6.3%","6.5%","6.1%","8.6%","8.7%","8.5%","7.0%","7.3%","6.7%","5.7%","6.1%","5.4%","5.1%","5.3%","4.9%","5.3%","5.6%","5.1%","6.3%","6.5%","6.1%","5.8%","6.1%","5.4%","5.1%","5.3%","4.9%","5.5%","5.7%","5.3%","6.3%","7.2%","5.4%","4.4%","4.8%","4.0%","6.8%","7.0%","6.6%","2.3%","2.6%","2.0%","6.2%","6.4%","5.9%","7.5%","8.5%","6.2%","6.1%","6.5%","5.5%","6.2%","6.6%","5.9%","6.1%","6.5%","5.5%","4.9%","5.5%","4.2%","6.2%","7.3%","5.0%","6.5%","6.8%","6.2%"
"    25 to 29 years","8.4%","8.7%","8.2%","6.8%","7.2%","6.4%","7.3%","7.6%","7.1%","7.4%","8.9%","5.5%","5.5%","5.7%","5.2%","6.7%","6.8%","6.6%","6.5%","6.5%","6.6%","3.6%","4.0%","3.3%","3.8%","4.0%","3.5%","6.1%","6.4%","5.8%","4.9%","5.2%","4.5%","6.4%","6.5%","6.3%","7.1%","8.0%","6.0%","6.0%","6.6%","5.3%","8.4%","8.6%","8.2%","7.6%","7.9%","7.2%","4.2%","4.1%","4.3%","7.9%","10.0%","5.1%","5.8%","5.8%","5.9%","5.2%","4.9%","5.6%","6.3%","7.3%","5.1%","8.0%","9.9%","5.3%","7.4%","7.5%","7.2%","7.0%","7.9%","5.9%","7.1%","7.1%","7.0%","4.8%","4.9%","4.7%","4.6%","5.0%","4.3%","7.7%","7.8%","7.6%","6.3%","6.8%","5.7%","4.6%","4.6%","4.5%","6.7%","7.6%","5.6%","6.4%","7.6%","5.1%","7.0%","8.9%","4.3%","5.0%","5.2%","4.9%","5.4%","5.6%","5.3%","7.8%","8.3%","7.4%","4.8%","4.4%","5.3%","7.3%","8.6%","5.0%","7.3%","7.9%","6.7%","5.2%","5.3%","5.1%","5.3%","5.4%","5.2%","4.5%","5.1%","3.9%","7.3%","7.6%","7.0%","6.2%","6.3%","6.1%","5.4%","5.7%","5.0%","8.4%","9.1%","7.7%","6.5%","7.0%","5.8%","8.7%","9.0%","8.4%","7.0%","7.2%","6.9%","5.9%","6.3%","5.6%","5.1%","5.2%","5.1%","5.8%","6.0%","5.6%","6.2%","6.4%","6.1%","5.5%","5.6%","5.3%","4.9%","5.0%","4.8%","5.5%","5.8%","5.3%","6.7%","7.1%","6.2%","4.1%","4.4%","3.9%","7.2%","7.5%","6.8%","2.7%","3.4%","2.1%","6.0%","6.1%","5.9%","8.0%","10.7%","4.6%","8.6%","9.8%","6.2%","5.8%","6.1%","5.5%","6.7%","7.2%","6.0%","5.9%","6.2%","5.7%","6.5%","7.9%","4.9%","6.5%","6.8%","6.3%"
"    30 to 34 years","6.8%","7.1%","6.4%","6.2%","6.5%","5.9%","6.7%","7.0%","6.4%","7.3%","8.2%","6.2%","5.2%","5.2%","5.1%","6.7%","6.8%","6.7%","6.8%","7.9%","5.6%","3.4%","3.5%","3.4%","3.7%","3.7%","3.7%","6.0%","6.0%","6.1%","4.9%","5.1%","4.7%","6.2%","6.4%","5.9%","6.6%","7.3%","5.6%","5.9%","6.8%","4.9%","7.5%","7.7%","7.4%","6.3%","6.5%","6.1%","4.5%","4.3%","4.7%","7.6%","8.7%","6.0%","6.4%","6.3%","6.5%","4.8%","4.4%","5.2%","4.8%","4.9%","4.7%","6.3%","7.9%","4.0%","5.2%","6.8%","3.1%","6.3%","6.2%","6.4%","6.8%","7.1%","6.5%","4.6%","4.6%","4.7%","4.3%","4.5%","4.1%","7.2%","7.2%","7.2%","6.0%","6.7%","5.2%","4.3%","4.3%","4.3%","6.8%","7.4%","6.0%","5.3%","7.3%","3.1%","9.4%","14.0%","3.3%","5.1%","5.1%","5.1%","5.3%","5.4%","5.1%","6.5%","6.6%","6.3%","5.1%","5.1%","5.0%","7.4%","7.6%","7.1%","5.8%","6.4%","5.1%","5.1%","5.1%","5.1%","5.0%","5.0%","5.0%","4.5%","5.0%","3.9%","6.9%","7.2%","6.7%","5.5%","5.9%","5.2%","5.1%","5.3%","4.9%","7.2%","7.5%","7.0%","6.0%","6.2%","5.8%","7.7%","7.8%","7.6%","7.0%","7.1%","6.9%","5.7%","5.9%","5.5%","5.5%","5.5%","5.6%","5.7%","5.8%","5.6%","6.1%","6.1%","6.0%","5.1%","5.0%","5.2%","5.3%","5.2%","5.4%","5.4%","5.3%","5.5%","6.5%","6.9%","6.1%","4.1%","4.4%","3.9%","6.8%","6.9%","6.7%","3.1%","4.2%","2.0%","6.3%","6.7%","6.0%","7.0%","8.0%","5.7%","7.7%","8.5%","6.1%","5.2%","5.3%","5.0%","7.1%","7.6%","6.5%","6.2%","6.1%","6.4%","5.9%","7.2%","4.5%","6.2%","6.3%","6.0%"
"    35 to 39 years","5.2%","5.3%","5.1%","6.3%","6.1%","6.6%","6.0%","6.1%","5.9%","6.3%","7.6%","4.9%","5.1%","4.9%","5.2%","6.5%","6.7%","6.3%","7.0%","8.4%","5.2%","3.7%","4.1%","3.4%","3.8%","4.2%","3.5%","5.8%","5.0%","6.5%","5.0%","5.4%","4.7%","5.5%","6.2%","4.7%","5.7%","5.7%","5.7%","6.1%","7.0%","5.0%","6.5%","6.6%","6.4%","5.3%","5.0%","5.5%","4.6%","4.5%","4.7%","6.3%","7.6%","4.6%","6.4%","6.5%","6.3%","4.8%","4.6%","5.0%","6.5%","9.5%","3.1%","5.3%","6.6%","3.6%","4.7%","5.0%","4.3%","6.2%","6.8%","5.4%","6.1%","7.0%","5.1%","4.8%","4.5%","5.0%","4.6%","4.9%","4.2%","6.6%","6.8%","6.5%","5.7%","7.8%","3.2%","4.2%","4.5%","4.0%","7.8%","8.9%","6.3%","6.9%","8.8%","4.7%","6.4%","6.8%","5.9%","5.3%","5.4%","5.3%","5.1%","5.2%","5.1%","5.3%","5.2%","5.4%","4.7%","4.5%","5.0%","7.7%","6.5%","9.7%","6.2%","7.0%","5.2%","5.0%","5.3%","4.6%","4.8%","4.9%","4.7%","4.9%","5.1%","4.7%","6.9%","7.1%","6.8%","6.0%","6.0%","6.1%","5.8%","5.2%","6.3%","6.2%","6.5%","6.0%","5.6%","5.7%","5.5%","7.0%","7.1%","7.0%","6.6%","6.8%","6.5%","5.7%","5.8%","5.6%","5.7%","5.7%","5.7%","5.3%","5.4%","5.3%","5.8%","5.7%","5.8%","4.8%","4.6%","5.1%","5.9%","5.8%","5.9%","5.5%","5.5%","5.5%","6.3%","6.7%","5.8%","4.4%","4.4%","4.3%","6.6%","6.7%","6.5%","3.1%","4.3%","2.0%","5.2%","6.3%","4.1%","5.3%","6.2%","4.0%","7.0%","7.0%","7.2%","4.8%","4.8%","4.9%","7.0%","6.9%","7.1%","6.4%","6.9%","6.0%","6.1%","6.5%","5.7%","5.9%","6.0%","5.8%"
"    40 to 44 years","5.2%","5.4%","5.0%","6.0%","6.3%","5.8%","6.1%","6.1%","6.1%","6.2%","6.2%","6.3%","5.3%","5.3%","5.2%","7.0%","6.8%","7.1%","5.9%","6.5%","5.2%","4.2%","4.1%","4.2%","4.4%","4.0%","4.7%","7.3%","7.6%","7.0%","5.1%","4.9%","5.4%","6.0%","6.1%","6.0%","6.3%","7.1%","5.2%","5.3%","5.5%","5.2%","6.3%","6.2%","6.3%","5.5%","5.9%","5.1%","5.8%","6.1%","5.5%","6.0%","6.4%","5.5%","6.1%","6.1%","6.1%","5.4%","4.7%","6.1%","6.5%","6.3%","6.6%","7.9%","8.9%","6.6%","7.8%","7.8%","7.9%","6.3%","6.4%","6.3%","6.4%","5.5%","7.4%","5.4%","5.6%","5.2%","4.3%","4.0%","4.6%","7.0%","6.9%","7.0%","6.5%","5.7%","7.5%","5.2%","5.1%","5.2%","6.4%","7.3%","5.2%","7.3%","7.5%","7.0%","9.1%","9.1%","9.2%","5.7%","5.8%","5.6%","5.5%","5.6%","5.4%","5.3%","5.4%","5.3%","5.8%","5.6%","5.9%","6.8%","8.4%","4.2%","5.9%","6.2%","5.6%","5.6%","5.4%","5.8%","5.1%","5.0%","5.2%","4.6%","4.8%","4.5%","7.3%","7.5%","7.1%","7.0%","6.7%","7.4%","6.5%","6.3%","6.8%","5.2%","5.0%","5.5%","7.0%","7.7%","6.1%","7.0%","7.1%","6.9%","7.6%","7.3%","7.9%","6.0%","6.1%","5.9%","6.5%","6.7%","6.4%","5.8%","6.0%","5.7%","6.1%","6.2%","5.9%","5.6%","5.9%","5.3%","6.8%","7.0%","6.7%","5.9%","5.8%","6.0%","6.9%","6.7%","7.1%","4.6%","4.7%","4.5%","6.8%","6.6%","6.9%","3.5%","4.4%","2.5%","6.0%","6.4%","5.6%","6.9%","6.6%","7.2%","7.3%","8.1%","5.8%","5.7%","6.0%","5.5%","7.8%","8.6%","6.7%","6.2%","6.7%","5.6%","7.8%","8.8%","6.6%","6.3%","6.3%","6.2%"
"    45 to 49 years","5.0%","5.0%","5.0%","6.4%","6.7%","6.0%","6.6%","6.6%","6.6%","6.3%","6.7%","5.8%","6.5%","6.5%","6.6%","7.4%","7.4%","7.3%","7.2%","7.6%","6.6%","5.3%","5.4%","5.3%","5.5%","5.5%","5.4%","7.3%","7.3%","7.3%","5.9%","5.9%","5.8%","6.5%","6.5%","6.4%","5.6%","6.3%","4.8%","6.4%","7.0%","5.6%","6.5%","6.5%","6.5%","5.9%","5.9%","5.9%","5.8%","5.7%","6.0%","6.5%","6.9%","6.1%","6.8%","6.4%","7.2%","6.2%","6.1%","6.2%","4.7%","5.0%","4.4%","7.8%","8.8%","6.4%","6.7%","6.9%","6.3%","6.0%","6.1%","5.9%","6.2%","6.0%","6.4%","6.0%","5.9%","6.1%","5.0%","5.1%","4.8%","6.9%","7.0%","6.8%","6.5%","6.5%","6.4%","5.7%","5.6%","5.7%","6.8%","7.5%","6.0%","6.6%","6.1%","7.0%","7.0%","8.0%","5.6%","6.2%","6.3%","6.1%","5.9%","6.0%","5.9%","5.2%","5.2%","5.2%","6.1%","6.2%","6.0%","7.7%","8.7%","6.0%","6.7%","6.9%","6.4%","6.1%","6.1%","6.1%","5.9%","5.8%","5.9%","6.4%","6.5%","6.4%","7.5%","7.7%","7.3%","7.2%","7.2%","7.2%","6.8%","6.8%","6.9%","6.1%","6.0%","6.2%","6.1%","6.3%","5.9%","6.9%","6.9%","6.8%","6.9%","6.9%","7.0%","6.6%","6.6%","6.6%","6.8%","6.9%","6.6%","6.8%","6.9%","6.7%","6.2%","6.3%","6.0%","5.8%","5.7%","5.8%","7.3%","7.2%","7.3%","6.3%","6.3%","6.4%","7.0%","6.8%","7.2%","5.7%","5.7%","5.6%","7.3%","7.1%","7.4%","3.2%","3.6%","2.9%","6.0%","6.2%","5.8%","6.5%","7.8%","4.8%","6.3%","6.4%","6.0%","6.2%","6.3%","6.2%","7.7%","8.4%","6.7%","6.7%","6.9%","6.4%","7.0%","7.3%","6.8%","6.6%","6.7%","6.6%"
"    50 to 54 years","5.6%","5.4%","5.7%","8.3%","8.4%","8.1%","7.6%","7.5%","7.6%","7.8%","7.6%","8.1%","8.2%","8.1%","8.3%","7.7%","7.8%","7.6%","7.2%","7.9%","6.5%","6.6%","6.3%","6.9%","6.7%","6.5%","6.9%","7.7%","7.7%","7.7%","6.3%","6.2%","6.4%","7.2%","7.1%","7.3%","6.8%","7.2%","6.4%","7.8%","8.2%","7.4%","7.1%","7.0%","7.2%","6.9%","6.7%","7.0%","6.6%","6.2%","7.0%","7.2%","7.3%","7.1%","7.6%","7.7%","7.5%","7.1%","6.7%","7.5%","6.4%","6.6%","6.2%","7.4%","7.0%","7.8%","7.5%","7.8%","7.1%","6.2%","6.3%","6.0%","6.5%","6.4%","6.6%","6.9%","6.8%","6.9%","5.8%","5.7%","5.9%","7.0%","7.0%","7.0%","7.4%","7.2%","7.7%","6.8%","6.7%","6.9%","7.1%","7.1%","7.0%","7.8%","7.9%","7.7%","5.4%","5.8%","4.9%","6.7%","6.7%","6.6%","6.5%","6.4%","6.7%","5.7%","5.7%","5.8%","7.6%","7.2%","8.0%","7.4%","6.5%","8.8%","7.1%","7.0%","7.4%","6.8%","6.7%","6.9%","6.5%","6.4%","6.5%","7.3%","7.3%","7.3%","7.4%","7.4%","7.4%","8.4%","8.2%","8.6%","7.5%","7.6%","7.4%","7.2%","7.2%","7.3%","7.2%","7.1%","7.2%","6.8%","6.8%","6.8%","6.6%","6.5%","6.7%","7.1%","7.1%","7.0%","7.1%","7.2%","7.0%","8.0%","8.0%","7.9%","6.4%","6.4%","6.4%","7.4%","7.1%","7.6%","7.7%","7.6%","7.9%","7.0%","7.0%","7.0%","8.0%","8.0%","8.1%","6.8%","6.7%","6.8%","7.6%","7.6%","7.7%","4.1%","4.3%","3.9%","7.0%","7.9%","6.2%","6.6%","6.3%","7.0%","8.5%","9.1%","7.4%","7.4%","7.3%","7.5%","8.5%","8.8%","8.2%","7.7%","7.5%","7.9%","7.8%","8.0%","7.6%","7.1%","7.1%","7.1%"
"    55 to 59 years","5.7%","5.5%","5.9%","6.7%","6.0%","7.5%","7.4%","7.3%","7.6%","7.2%","5.7%","9.0%","8.2%","8.2%","8.2%","6.9%","7.0%","6.7%","7.0%","8.0%","5.8%","8.1%","7.3%","8.7%","8.2%","8.0%","8.4%","6.6%","6.8%","6.4%","6.1%","5.5%","6.7%","7.0%","6.3%","7.7%","5.5%","5.7%","5.1%","7.4%","7.6%","7.2%","6.5%","6.3%","6.7%","7.0%","6.9%","7.1%","7.6%","7.4%","7.7%","9.2%","8.4%","10.2%","6.6%","6.2%","7.0%","7.4%","5.9%","9.1%","6.4%","5.6%","7.3%","9.7%","7.7%","12.4%","6.9%","6.0%","8.2%","5.2%","5.4%","4.8%","5.9%","5.4%","6.5%","7.3%","6.8%","7.8%","6.7%","6.4%","6.9%","6.3%","6.3%","6.4%","8.1%","7.8%","8.4%","6.9%","6.9%","6.8%","6.8%","6.3%","7.5%","7.4%","6.3%","8.6%","6.2%","5.9%","6.7%","6.5%","6.6%","6.5%","6.6%","6.5%","6.8%","5.7%","5.4%","5.9%","8.0%","7.8%","8.2%","6.1%","6.7%","5.2%","7.6%","8.2%","7.0%","7.1%","7.0%","7.2%","6.9%","6.4%","7.4%","7.8%","8.0%","7.6%","6.2%","6.1%","6.3%","8.6%","8.3%","9.0%","8.3%","7.5%","9.0%","6.5%","6.3%","6.8%","6.2%","5.8%","6.7%","6.0%","5.8%","6.1%","5.8%","5.6%","5.9%","6.6%","6.5%","6.8%","6.7%","6.4%","7.1%","8.0%","8.0%","8.0%","6.1%","6.0%","6.2%","8.1%","8.0%","8.2%","7.5%","7.7%","7.4%","6.9%","6.9%","6.9%","7.4%","7.1%","7.8%","7.2%","7.1%","7.4%","6.7%","6.6%","6.8%","6.1%","4.6%","7.6%","7.2%","6.4%","7.9%","6.3%","5.7%","6.9%","8.4%","9.5%","6.2%","7.5%","7.1%","8.0%","7.7%","7.2%","8.4%","7.7%","7.5%","8.0%","7.3%","6.9%","7.8%","6.7%","6.6%","6.9%"
"    60 to 64 years","5.6%","5.4%","5.9%","5.7%","5.5%","6.0%","5.8%","5.4%","6.1%","6.0%","6.6%","5.3%","7.1%","6.9%","7.3%","5.8%","5.6%","6.1%","6.0%","4.9%","7.4%","8.7%","8.3%","9.1%","8.0%","7.2%","8.8%","6.3%","5.7%","6.8%","7.0%","6.8%","7.3%","6.8%","6.7%","7.1%","6.6%","5.7%","7.8%","8.1%","6.6%","9.8%","5.9%","5.7%","6.1%","6.0%","5.4%","6.5%","7.7%","6.7%","8.6%","5.8%","4.5%","7.5%","7.9%","8.6%","7.3%","6.5%","6.9%","6.1%","6.7%","7.1%","6.2%","6.2%","5.7%","6.9%","6.9%","6.4%","7.7%","5.3%","4.3%","6.6%","4.6%","4.4%","4.7%","7.0%","6.8%","7.1%","6.6%","6.2%","7.0%","5.4%","5.2%","5.6%","5.8%","4.9%","6.9%","7.9%","7.3%","8.4%","6.7%","6.6%","6.7%","8.9%","8.6%","9.3%","5.7%","4.8%","6.9%","6.7%","6.0%","7.3%","7.4%","6.8%","7.9%","5.3%","5.2%","5.4%","7.6%","6.9%","8.3%","5.7%","4.6%","7.6%","6.5%","4.6%","8.5%","7.1%","6.5%","7.6%","6.8%","6.5%","7.1%","7.3%","6.6%","7.9%","5.5%","5.1%","5.8%","8.3%","8.1%","8.4%","7.1%","7.2%","7.0%","5.9%","5.5%","6.2%","6.1%","5.8%","6.5%","4.8%","4.6%","5.0%","5.0%","4.8%","5.2%","6.0%","5.9%","6.2%","6.4%","6.3%","6.6%","7.4%","7.2%","7.7%","6.3%","5.9%","6.6%","7.1%","6.7%","7.4%","6.8%","6.4%","7.3%","6.5%","6.0%","6.9%","5.6%","5.5%","5.7%","8.1%","7.6%","8.7%","6.1%","5.9%","6.4%","10.2%","8.6%","11.8%","6.8%","6.8%","6.7%","8.0%","7.8%","8.4%","6.3%","6.7%","5.6%","7.4%","7.4%","7.4%","6.0%","5.8%","6.3%","7.1%","6.7%","7.5%","5.5%","4.9%","6.3%","6.2%","5.9%","6.5%"
"    65 to 69 years","4.3%","4.1%","4.5%","4.8%","4.8%","4.8%","5.6%","5.4%","5.9%","6.0%","5.5%","6.5%","6.7%","6.6%","6.7%","4.8%","4.7%","5.0%","6.5%","5.9%","7.1%","10.9%","10.9%","11.0%","10.2%","9.8%","10.6%","5.2%","5.2%","5.1%","8.0%","7.5%","8.6%","6.2%","5.7%","6.8%","5.6%","4.7%","6.7%","6.8%","6.5%","7.3%","4.5%","4.2%","4.8%","5.1%","4.8%","5.4%","8.8%","9.0%","8.7%","8.0%","7.4%","8.8%","5.9%","5.5%","6.3%","6.7%","6.7%","6.7%","8.2%","8.6%","7.9%","6.1%","5.7%","6.5%","5.7%","4.6%","7.2%","4.1%","3.6%","4.6%","3.6%","3.3%","3.9%","8.2%","8.1%","8.4%","8.7%","8.3%","9.1%","4.4%","4.2%","4.6%","6.1%","5.5%","6.7%","8.3%","7.7%","8.8%","5.5%","5.1%","6.1%","7.2%","6.7%","7.7%","4.3%","3.9%","4.8%","7.9%","7.3%","8.5%","8.1%","7.8%","8.3%","4.1%","3.9%","4.2%","7.4%","6.7%","8.1%","3.5%","3.3%","3.7%","6.2%","6.3%","6.1%","7.6%","7.1%","8.1%","7.8%","7.5%","8.2%","7.7%","7.5%","7.8%","4.4%","4.1%","4.8%","7.3%","7.4%","7.2%","7.2%","7.4%","7.1%","5.1%","5.1%","5.0%","5.3%","4.7%","5.9%","3.7%","3.4%","3.9%","4.7%","4.5%","4.8%","6.0%","5.6%","6.4%","6.7%","6.5%","7.0%","6.8%","6.8%","6.8%","6.1%","5.9%","6.4%","6.2%","6.3%","6.2%","6.6%","6.5%","6.6%","6.8%","6.3%","7.2%","4.9%","4.8%","5.0%","9.2%","8.9%","9.5%","4.9%","4.6%","5.1%","17.5%","15.6%","19.5%","6.9%","6.2%","7.6%","6.1%","5.3%","7.2%","6.0%","6.6%","4.9%","7.2%","7.0%","7.4%","4.2%","3.8%","4.7%","7.1%","7.1%","7.2%","5.9%","5.1%","6.9%","5.8%","5.6%","6.1%"
"    70 to 74 years","3.0%","2.9%","3.0%","3.4%","2.6%","4.2%","3.6%","3.5%","3.7%","3.6%","2.7%","4.7%","5.3%","5.0%","5.7%","3.5%","3.3%","3.7%","3.9%","3.2%","4.8%","9.4%","9.2%","9.5%","8.9%","9.0%","8.8%","3.7%","3.5%","4.0%","7.5%","7.3%","7.7%","3.9%","3.6%","4.1%","5.5%","4.9%","6.2%","6.8%","5.6%","8.2%","3.0%","2.8%","3.2%","4.0%","3.6%","4.3%","7.8%","7.9%","7.8%","4.9%","4.3%","5.7%","3.1%","3.1%","3.1%","4.8%","4.4%","5.3%","6.3%","5.4%","7.3%","5.0%","4.0%","6.3%","3.9%","3.7%","4.3%","4.0%","3.9%","4.1%","3.6%","3.7%","3.4%","6.6%","6.4%","6.7%","8.3%","7.9%","8.6%","3.1%","2.9%","3.3%","4.5%","3.7%","5.4%","7.2%","7.1%","7.2%","4.5%","3.5%","5.8%","5.3%","4.9%","5.7%","4.4%","3.2%","6.1%","6.3%","6.3%","6.2%","6.9%","6.9%","6.9%","2.8%","2.8%","2.8%","6.2%","6.9%","5.5%","2.8%","1.9%","4.5%","4.3%","3.7%","5.0%","6.2%","6.4%","6.0%","7.6%","7.5%","7.8%","6.9%","6.3%","7.5%","3.7%","3.3%","4.0%","5.5%","5.7%","5.2%","5.4%","5.2%","5.6%","3.5%","3.0%","4.0%","4.7%","4.3%","5.1%","2.7%","2.5%","2.8%","3.0%","2.8%","3.2%","5.0%","4.6%","5.3%","5.6%","5.4%","5.9%","5.3%","4.9%","5.6%","4.9%","4.6%","5.2%","5.9%","5.6%","6.1%","4.4%","4.3%","4.5%","5.4%","5.5%","5.4%","3.9%","3.5%","4.3%","8.1%","8.0%","8.3%","3.4%","3.3%","3.6%","16.1%","15.9%","16.3%","5.1%","4.9%","5.3%","4.4%","3.4%","5.6%","2.8%","2.1%","4.1%","5.4%","5.3%","5.5%","3.9%","3.9%","4.0%","4.8%","4.4%","5.2%","4.9%","4.6%","5.3%","4.6%","4.4%","4.8%"
"    75 to 79 years","2.0%","1.7%","2.2%","2.0%","1.6%","2.4%","3.0%","2.7%","3.4%","3.0%","2.5%","3.6%","4.3%","3.9%","4.6%","2.6%","2.3%","3.0%","2.5%","2.0%","3.1%","7.2%","7.3%","7.1%","6.9%","7.4%","6.4%","2.3%","2.2%","2.4%","6.3%","6.6%","5.9%","3.1%","3.2%","3.1%","4.6%","4.2%","5.0%","4.8%","4.4%","5.4%","2.0%","1.7%","2.3%","3.0%","2.7%","3.2%","4.9%","5.2%","4.5%","3.3%","2.6%","4.1%","2.3%","2.0%","2.7%","4.0%","3.8%","4.2%","4.1%","4.7%","3.5%","2.3%","1.3%","3.7%","2.7%","1.4%","4.4%","2.8%","2.4%","3.2%","2.3%","1.9%","2.7%","5.1%","5.2%","5.1%","7.3%","7.4%","7.3%","2.3%","2.0%","2.5%","3.9%","3.9%","3.8%","5.4%","5.2%","5.6%","3.4%","2.6%","4.4%","3.9%","3.7%","4.0%","1.8%","1.6%","2.0%","5.3%","5.1%","5.6%","4.9%","5.1%","4.8%","1.7%","1.6%","1.9%","3.2%","3.6%","2.8%","2.2%","1.1%","4.0%","3.9%","3.1%","4.8%","5.0%","4.8%","5.2%","5.5%","5.6%","5.4%","5.5%","5.1%","5.9%","2.8%","2.5%","3.1%","3.4%","3.8%","3.0%","3.4%","3.8%","3.0%","2.9%","2.6%","3.3%","3.5%","3.4%","3.7%","1.8%","1.7%","2.0%","2.0%","2.0%","2.0%","4.2%","3.9%","4.5%","3.9%","3.7%","4.1%","4.2%","4.0%","4.4%","3.7%","3.7%","3.8%","3.9%","3.7%","4.1%","3.0%","2.7%","3.2%","4.3%","4.2%","4.5%","2.7%","2.6%","2.9%","6.6%","6.6%","6.6%","2.1%","2.0%","2.3%","10.2%","10.9%","9.4%","4.1%","3.8%","4.4%","3.4%","2.8%","4.1%","1.5%","1.1%","2.3%","4.2%","3.9%","4.5%","2.1%","1.8%","2.5%","2.9%","2.9%","2.9%","3.2%","2.7%","3.7%","3.5%","3.3%","3.7%"
"    80 to 84 years","1.5%","1.3%","1.7%","1.3%","1.3%","1.4%","2.1%","1.9%","2.4%","2.8%","1.8%","3.9%","3.3%","3.1%","3.4%","2.0%","1.7%","2.3%","2.6%","2.7%","2.6%","5.0%","5.3%","4.7%","4.9%","4.9%","4.8%","1.6%","1.3%","2.0%","4.1%","3.9%","4.3%","2.2%","1.8%","2.7%","2.4%","1.7%","3.3%","1.7%","1.9%","1.5%","1.5%","1.2%","1.9%","1.9%","1.4%","2.3%","3.4%","3.6%","3.2%","2.3%","2.3%","2.4%","2.3%","2.1%","2.5%","2.0%","1.6%","2.5%","3.5%","4.0%","2.9%","2.8%","2.7%","3.0%","1.7%","1.3%","2.2%","1.7%","1.8%","1.5%","1.4%","1.2%","1.7%","3.8%","3.5%","4.1%","5.1%","5.2%","5.0%","1.6%","1.4%","1.8%","1.9%","1.5%","2.3%","4.6%","4.7%","4.5%","2.1%","1.7%","2.7%","2.1%","1.2%","3.0%","1.8%","1.6%","2.1%","3.5%","3.5%","3.4%","3.3%","3.3%","3.3%","1.4%","1.1%","1.7%","3.2%","3.6%","2.9%","1.5%","1.0%","2.5%","1.7%","1.5%","2.1%","3.3%","3.3%","3.3%","3.7%","3.8%","3.7%","4.4%","3.9%","4.9%","2.2%","1.7%","2.6%","2.1%","2.0%","2.2%","1.8%","1.4%","2.2%","2.0%","1.7%","2.4%","2.5%","1.9%","3.3%","1.3%","1.1%","1.5%","1.4%","1.2%","1.7%","3.5%","3.1%","3.9%","3.2%","3.1%","3.3%","3.1%","2.7%","3.4%","2.5%","2.3%","2.8%","2.8%","2.7%","2.9%","1.9%","1.8%","2.0%","3.0%","2.8%","3.1%","1.6%","1.2%","2.0%","4.6%","4.6%","4.7%","1.7%","1.5%","2.0%","5.6%","6.0%","5.2%","2.4%","1.9%","2.8%","1.9%","1.3%","2.8%","1.5%","1.2%","2.1%","3.0%","2.8%","3.3%","1.4%","0.9%","1.9%","2.3%","2.1%","2.6%","1.8%","1.7%","2.0%","2.5%","2.3%","2.8%"
"    85 years and over","1.7%","1.2%","2.2%","1.5%","0.9%","2.1%","1.7%","1.2%","2.1%","2.1%","1.2%","3.3%","3.0%","2.3%","3.6%","2.4%","1.7%","3.0%","2.1%","1.2%","3.3%","5.1%","4.2%","5.9%","4.2%","3.5%","4.9%","1.4%","1.0%","1.7%","3.7%","3.2%","4.2%","1.8%","1.1%","2.4%","1.4%","0.8%","2.2%","1.6%","1.1%","2.1%","1.7%","1.2%","2.1%","1.9%","1.3%","2.5%","3.4%","2.5%","4.2%","1.4%","1.2%","1.7%","1.6%","1.2%","2.0%","2.0%","0.9%","3.3%","3.7%","2.2%","5.6%","1.7%","1.1%","2.5%","1.4%","1.1%","1.9%","2.0%","1.5%","2.6%","1.9%","1.9%","1.9%","3.7%","3.3%","4.2%","4.4%","3.6%","5.3%","1.6%","1.2%","2.1%","2.5%","1.4%","3.8%","4.7%","4.0%","5.4%","2.1%","1.3%","3.2%","1.7%","0.9%","2.7%","1.5%","0.8%","2.4%","2.9%","2.4%","3.4%","3.2%","2.6%","3.8%","1.3%","0.9%","1.7%","2.6%","1.8%","3.3%","1.8%","1.3%","2.8%","1.9%","1.3%","2.6%","3.4%","2.8%","3.9%","3.1%","2.6%","3.6%","4.9%","4.5%","5.2%","2.2%","1.5%","2.8%","2.1%","1.5%","2.7%","2.0%","1.4%","2.7%","1.6%","1.1%","2.1%","1.7%","1.8%","1.7%","1.3%","0.8%","1.7%","1.5%","1.0%","1.9%","4.1%","3.4%","4.7%","2.9%","2.4%","3.3%","3.6%","2.6%","4.6%","2.1%","1.7%","2.5%","2.3%","1.7%","2.8%","2.2%","1.8%","2.5%","3.0%","2.6%","3.4%","1.2%","0.9%","1.5%","5.4%","4.5%","6.3%","2.1%","1.4%","2.8%","3.7%","3.1%","4.4%","1.6%","1.3%","1.9%","1.9%","1.6%","2.3%","0.9%","0.7%","1.3%","3.3%","2.5%","4.0%","1.2%","0.9%","1.5%","1.6%","1.0%","2.2%","1.7%","1.1%","2.4%","2.6%","2.0%","3.2%"
"SELECTED AGE CATEGORIES","","","","","","","","","","","","","","","","","","","","","","","","","","","","","","","","","","","","","","","","","","","","","","","","","","","","","","","","","","","","","","","","","","","","","","","","","","","","","","","","","","","","","","","","","","","","","","","","","","","","","","","","","","","","","","","","","","","","","","","","","","","","","","","","","","","","","","","","","","","","","","","","","","","","","","","","","","","","","","","","","","","","","","","","","","","","","","","","","","","","","","","","","","","","","","","","","","","","","","","","","","","",""
"    5 to 14 years","9.6%","10.1%","9.1%","13.9%","13.8%","14.0%","11.8%","12.0%","11.6%","11.2%","10.7%","11.9%","10.5%","11.0%","10.0%","11.9%","12.5%","11.4%","12.0%","11.7%","12.2%","7.4%","7.7%","7.0%","8.3%","8.8%","7.9%","13.9%","14.5%","13.3%","10.3%","10.7%","9.8%","12.4%","12.4%","12.4%","11.3%","10.7%","12.2%","10.7%","10.7%","10.7%","12.5%","13.1%","11.9%","11.5%","11.9%","11.1%","10.6%","11.2%","10.0%","9.4%","8.4%","10.7%","12.8%","13.4%","12.2%","10.6%","10.1%","11.2%","10.6%","8.7%","12.8%","7.6%","6.5%","9.2%","11.1%","10.2%","12.3%","15.4%","14.8%","16.1%","15.3%","15.6%","15.1%","10.7%","11.3%","10.2%","9.9%","10.4%","9.6%","12.9%","13.5%","12.3%","11.7%","11.6%","11.9%","9.8%","10.3%","9.3%","10.5%","10.0%","11.2%","9.5%","9.2%","9.8%","11.7%","8.7%","15.7%","11.3%","11.9%","10.8%","10.5%","11.0%","10.0%","10.4%","11.1%","9.8%","11.5%","11.9%","11.0%","10.2%","9.0%","12.2%","11.0%","11.0%","10.9%","11.0%","11.5%","10.4%","10.5%","11.2%","9.9%","9.5%","9.8%","9.2%","11.3%","11.9%","10.7%","8.0%","8.1%","7.9%","11.5%","12.0%","11.0%","11.9%","11.9%","11.9%","12.5%","12.1%","13.0%","12.6%","13.1%","12.1%","14.1%","14.5%","13.7%","11.0%","11.6%","10.4%","11.7%","12.2%","11.1%","9.4%","10.0%","8.9%","12.9%","13.4%","12.3%","12.4%","12.8%","12.0%","12.8%","13.4%","12.3%","11.8%","12.4%","11.2%","12.8%","12.7%","12.8%","8.4%","9.0%","7.9%","12.2%","12.8%","11.6%","4.2%","4.2%","4.1%","12.8%","11.9%","13.7%","10.3%","9.4%","11.4%","10.2%","8.0%","14.5%","10.0%","10.5%","9.6%","11.8%","11.6%","12.1%","11.2%","11.4%","11.1%","10.8%","9.9%","11.8%","11.3%","11.9%","10.9%"
"    15 to 17 years","2.9%","3.0%","2.8%","4.4%","4.2%","4.7%","3.5%","3.6%","3.4%","3.1%","2.9%","3.5%","3.5%","3.7%","3.3%","3.8%","4.0%","3.6%","4.3%","3.5%","5.3%","2.5%","2.7%","2.4%","2.9%","3.0%","2.8%","4.8%","5.0%","4.7%","3.2%","3.3%","3.0%","3.6%","3.3%","3.9%","3.7%","3.8%","3.6%","3.1%","2.6%","3.7%","3.6%","3.8%","3.4%","3.4%","3.4%","3.4%","3.4%","3.4%","3.3%","2.5%","2.4%","2.7%","3.4%","3.4%","3.5%","4.9%","5.9%","3.9%","2.2%","2.2%","2.3%","3.7%","3.7%","3.9%","3.3%","3.2%","3.5%","4.5%","4.4%","4.6%","4.9%","5.6%","4.1%","3.6%","3.9%","3.4%","3.0%","3.2%","2.9%","3.9%","4.1%","3.7%","3.6%","4.0%","3.2%","3.3%","3.7%","2.9%","3.3%","3.1%","3.5%","2.9%","3.1%","2.6%","4.3%","2.7%","6.4%","3.5%","3.7%","3.3%","3.2%","3.3%","3.1%","3.2%","3.4%","3.0%","3.6%","3.9%","3.2%","3.6%","4.5%","2.1%","3.5%","3.5%","3.5%","3.4%","3.6%","3.2%","3.3%","3.5%","3.0%","3.4%","3.4%","3.3%","3.5%","3.7%","3.4%","2.4%","2.4%","2.4%","3.8%","4.1%","3.6%","3.5%","3.6%","3.4%","4.2%","5.0%","3.2%","3.9%","4.0%","3.7%","4.6%","4.8%","4.3%","3.5%","3.7%","3.3%","3.6%","3.8%","3.5%","3.1%","3.3%","2.9%","3.9%","4.1%","3.7%","3.7%","3.6%","3.7%","4.1%","4.4%","3.9%","3.7%","3.9%","3.6%","4.1%","4.0%","4.1%","2.8%","3.0%","2.6%","4.1%","4.3%","3.9%","1.3%","1.2%","1.3%","3.1%","3.4%","2.7%","3.2%","3.0%","3.3%","3.4%","2.7%","4.7%","3.3%","3.4%","3.1%","4.1%","4.0%","4.2%","3.2%","3.6%","2.8%","3.8%","4.0%","3.5%","3.6%","3.7%","3.4%"
"    18 to 24 years","22.1%","22.0%","22.3%","10.0%","11.7%","8.2%","8.8%","9.5%","8.2%","8.1%","9.3%","6.7%","7.7%","8.5%","7.0%","8.4%","8.9%","8.0%","7.5%","8.1%","6.9%","5.7%","6.2%","5.1%","5.8%","6.5%","5.2%","8.5%","8.9%","8.1%","6.9%","7.4%","6.4%","9.3%","11.2%","7.2%","9.6%","11.3%","7.5%","6.6%","7.5%","5.5%","9.7%","10.2%","9.3%","12.8%","14.5%","11.2%","6.6%","7.5%","5.9%","7.0%","8.0%","5.7%","8.8%","9.4%","8.2%","12.4%","17.4%","6.8%","9.1%","8.5%","9.8%","7.7%","8.3%","6.9%","12.6%","17.7%","5.4%","10.2%","11.5%","8.6%","10.0%","10.8%","9.2%","6.9%","7.3%","6.5%","6.5%","7.1%","5.9%","9.6%","9.8%","9.5%","8.8%","10.3%","7.1%","6.8%","7.6%","6.0%","8.5%","9.2%","7.6%","6.3%","6.4%","6.3%","9.2%","11.9%","5.5%","7.0%","7.3%","6.7%","7.2%","7.5%","7.0%","22.9%","22.4%","23.4%","7.5%","8.1%","6.9%","12.9%","15.4%","8.7%","8.8%","9.6%","8.0%","7.0%","7.5%","6.5%","7.1%","7.6%","6.7%","6.4%","7.0%","5.9%","9.2%","9.6%","8.8%","7.4%","7.8%","6.9%","7.3%","7.5%","7.0%","9.8%","11.2%","8.4%","8.8%","9.1%","8.4%","11.5%","11.7%","11.4%","9.7%","10.2%","9.2%","7.9%","8.4%","7.5%","7.2%","7.5%","6.8%","7.2%","7.5%","6.8%","8.7%","9.0%","8.4%","7.7%","8.2%","7.2%","7.6%","7.9%","7.2%","7.7%","8.1%","7.3%","8.6%","9.6%","7.5%","6.0%","6.5%","5.6%","9.1%","9.5%","8.7%","3.4%","3.8%","2.9%","8.0%","8.3%","7.6%","8.5%","9.3%","7.4%","8.1%","8.5%","7.3%","8.6%","9.3%","8.0%","7.7%","8.3%","7.1%","6.8%","7.4%","6.1%","8.5%","9.2%","7.6%","8.9%","9.4%","8.5%"
"    15 to 44 years","50.6%","51.5%","49.7%","39.9%","42.0%","37.5%","38.5%","39.9%","37.0%","38.6%","43.0%","33.1%","32.2%","33.4%","31.1%","39.1%","39.9%","38.4%","38.1%","40.8%","34.9%","23.2%","24.5%","21.9%","24.4%","25.4%","23.4%","38.4%","38.9%","38.0%","30.0%","31.4%","28.7%","36.9%","39.7%","34.0%","39.1%","43.2%","33.7%","33.0%","35.9%","29.5%","42.0%","43.1%","41.0%","40.9%","43.2%","38.6%","29.1%","29.9%","28.4%","37.3%","43.2%","29.6%","36.9%","37.5%","36.4%","37.5%","41.9%","32.5%","35.4%","38.7%","31.6%","39.0%","45.2%","30.2%","41.0%","47.9%","31.3%","40.5%","43.2%","37.2%","41.3%","43.0%","39.3%","30.1%","30.9%","29.4%","27.4%","28.8%","26.0%","42.0%","42.5%","41.4%","36.9%","41.3%","31.8%","28.4%","29.9%","27.0%","39.4%","43.6%","34.2%","35.2%","40.7%","28.9%","45.4%","53.4%","34.7%","31.6%","32.4%","30.8%","31.8%","32.6%","31.1%","51.0%","51.3%","50.8%","31.5%","31.7%","31.3%","45.7%","50.9%","36.7%","37.6%","40.6%","34.1%","31.3%","32.3%","30.4%","30.6%","31.4%","29.9%","28.3%","30.4%","26.3%","41.1%","42.7%","39.7%","34.6%","35.0%","34.1%","33.8%","34.1%","33.5%","40.4%","42.9%","38.0%","38.0%","40.7%","35.0%","45.9%","46.6%","45.1%","42.5%","43.5%","41.6%","34.7%","36.2%","33.3%","33.7%","34.4%","33.0%","32.9%","34.0%","31.9%","36.7%","37.5%","36.0%","32.4%","33.1%","31.7%","34.6%","35.3%","33.9%","33.7%","34.3%","33.1%","39.0%","41.0%","36.9%","26.1%","27.4%","24.8%","40.5%","41.7%","39.4%","17.1%","21.2%","12.9%","34.6%","37.2%","32.0%","38.8%","43.9%","32.3%","42.1%","44.6%","37.4%","33.4%","34.9%","32.0%","40.3%","42.5%","37.5%","34.8%","36.9%","32.6%","38.6%","43.5%","32.7%","37.4%","38.6%","36.2%"
"    16 years and over","84.0%","83.1%","84.9%","78.3%","78.6%","77.9%","80.8%","80.4%","81.2%","82.4%","82.3%","82.6%","83.7%","82.9%","84.4%","80.9%","80.0%","81.8%","81.5%","82.1%","80.7%","88.5%","87.7%","89.2%","86.9%","86.2%","87.6%","78.7%","77.7%","79.7%","83.9%","83.1%","84.6%","80.6%","80.4%","80.8%","81.9%","83.0%","80.4%","83.3%","84.3%","82.0%","79.5%","78.4%","80.5%","81.4%","81.0%","81.8%","84.2%","82.9%","85.3%","84.7%","86.7%","82.0%","79.7%","79.0%","80.3%","82.7%","83.4%","82.0%","84.3%","86.8%","81.4%","86.7%","88.2%","84.6%","83.3%","85.9%","79.5%","76.1%","76.9%","75.2%","75.3%","75.3%","75.2%","83.5%","82.4%","84.5%","84.3%","83.4%","85.2%","79.4%","78.4%","80.4%","81.8%","82.2%","81.4%","84.5%","83.6%","85.3%","83.7%","84.3%","82.9%","85.3%","86.3%","84.1%","82.7%","87.9%","75.8%","82.3%","81.3%","83.2%","83.4%","82.6%","84.2%","83.3%","82.3%","84.3%","81.7%","80.8%","82.7%","83.2%","84.3%","81.3%","82.3%","81.9%","82.7%","82.8%","81.9%","83.7%","83.4%","82.5%","84.3%","85.4%","84.9%","85.8%","81.8%","80.8%","82.7%","86.8%","86.8%","86.9%","82.2%","81.2%","83.2%","80.0%","80.0%","80.0%","80.5%","81.1%","79.9%","79.8%","79.0%","80.6%","77.9%","77.1%","78.6%","82.7%","81.7%","83.7%","82.0%","80.9%","82.9%","85.0%","84.1%","85.9%","79.9%","78.9%","80.8%","80.7%","79.5%","81.7%","80.7%","80.0%","81.4%","81.6%","80.6%","82.6%","80.0%","79.8%","80.2%","86.9%","85.9%","87.8%","81.0%","80.1%","81.9%","93.3%","93.2%","93.4%","80.9%","82.0%","79.9%","83.3%","85.3%","80.7%","83.5%","87.7%","75.7%","84.2%","83.5%","84.8%","81.7%","82.7%","80.5%","81.6%","81.8%","81.5%","82.6%","84.0%","80.8%","82.0%","81.1%","82.8%"
"    18 years and over","82.0%","81.0%","82.9%","75.5%","75.6%","75.3%","78.4%","77.9%","78.9%","80.1%","80.5%","79.7%","81.2%","80.2%","82.2%","78.4%","77.4%","79.4%","78.8%","80.7%","76.6%","86.9%","86.1%","87.7%","85.0%","84.3%","85.7%","75.7%","74.6%","76.7%","81.8%","81.0%","82.6%","78.1%","78.3%","77.8%","79.3%","80.6%","77.5%","81.3%","82.2%","80.3%","77.1%","76.0%","78.2%","79.0%","78.6%","79.5%","81.8%","80.8%","82.8%","83.5%","85.7%","80.5%","77.7%","76.8%","78.4%","79.3%","79.0%","79.6%","83.3%","85.7%","80.5%","84.1%","85.6%","81.9%","81.1%","84.0%","77.1%","73.0%","74.0%","71.8%","72.3%","71.6%","73.0%","81.2%","79.8%","82.4%","82.3%","81.5%","83.0%","76.8%","75.6%","77.9%","79.9%","79.8%","80.0%","82.5%","81.3%","83.5%","81.3%","82.1%","80.2%","83.0%","83.9%","82.0%","79.2%","86.1%","70.0%","80.1%","79.0%","81.1%","81.4%","80.6%","82.1%","81.2%","79.9%","82.4%","79.8%","78.6%","81.0%","80.9%","81.6%","79.8%","80.0%","79.7%","80.4%","80.5%","79.5%","81.5%","81.2%","80.0%","82.4%","83.1%","82.6%","83.5%","79.4%","78.3%","80.4%","85.0%","85.0%","85.1%","79.5%","78.3%","80.8%","77.8%","77.7%","77.9%","77.2%","76.9%","77.6%","77.2%","76.4%","78.1%","74.9%","73.9%","75.8%","80.4%","79.3%","81.4%","79.5%","78.5%","80.5%","83.0%","81.9%","84.0%","77.3%","76.3%","78.3%","78.2%","77.1%","79.2%","77.9%","77.1%","78.8%","79.2%","78.1%","80.1%","77.4%","77.4%","77.5%","85.1%","83.9%","86.1%","78.4%","77.3%","79.5%","92.5%","92.4%","92.6%","78.6%","79.2%","77.9%","80.7%","82.9%","78.0%","80.9%","85.4%","72.6%","82.0%","81.2%","82.7%","79.0%","80.1%","77.6%","79.5%","79.4%","79.7%","80.0%","81.8%","77.9%","79.6%","78.7%","80.5%"
"    60 years and over","18.1%","16.6%","19.4%","18.6%","16.7%","20.8%","21.9%","20.2%","23.5%","23.5%","20.4%","27.2%","29.6%","27.8%","31.3%","21.2%","19.3%","23.0%","23.7%","19.9%","28.3%","46.3%","45.3%","47.3%","43.1%","41.9%","44.3%","20.5%","18.9%","21.9%","36.6%","35.3%","38.0%","24.0%","22.0%","26.2%","26.0%","22.0%","31.2%","29.8%","26.1%","34.2%","18.6%","16.8%","20.3%","21.8%","19.3%","24.2%","36.0%","34.9%","37.0%","25.7%","22.3%","30.3%","23.2%","22.5%","23.8%","26.1%","24.2%","28.2%","32.6%","32.0%","33.3%","24.0%","20.5%","28.9%","22.3%","18.6%","27.6%","19.8%","17.5%","22.5%","17.3%","16.4%","18.3%","34.4%","33.2%","35.5%","40.5%","38.7%","42.2%","18.5%","16.9%","20.0%","24.7%","21.0%","28.9%","38.1%","36.0%","40.0%","24.4%","20.7%","29.0%","29.0%","25.9%","32.5%","19.5%","15.9%","24.4%","32.6%","30.7%","34.4%","33.7%","32.5%","34.9%","16.7%","15.6%","17.7%","30.2%","29.6%","30.7%","17.6%","13.2%","25.1%","24.5%","20.4%","29.1%","32.6%","31.0%","34.1%","34.6%","33.4%","35.7%","36.6%","33.9%","39.3%","20.7%","18.2%","23.1%","28.6%","28.6%","28.7%","27.0%","26.5%","27.5%","21.0%","19.0%","23.0%","23.9%","22.0%","26.1%","15.6%","14.1%","17.0%","17.6%","16.2%","18.9%","28.8%","26.5%","30.9%","28.8%","27.4%","30.2%","30.4%","28.2%","32.4%","25.7%","24.1%","27.3%","28.2%","26.8%","29.5%","24.9%","23.6%","26.1%","29.0%","27.5%","30.5%","20.0%","18.5%","21.5%","42.2%","40.1%","44.1%","20.4%","18.7%","22.0%","63.3%","60.0%","66.6%","26.8%","24.9%","28.7%","25.8%","22.1%","30.4%","19.1%","18.4%","20.3%","30.6%","29.0%","32.2%","18.9%","17.1%","21.1%","25.9%","24.2%","27.6%","23.0%","20.0%","26.6%","25.3%","23.4%","27.1%"
"    62 years and over","15.7%","14.3%","16.9%","16.6%","14.7%","18.7%","19.3%","17.7%","20.9%","20.4%","16.9%","24.8%","26.7%","24.9%","28.3%","18.8%","16.9%","20.5%","20.8%","17.5%","24.7%","42.8%","42.0%","43.5%","40.2%","39.2%","41.2%","17.6%","16.3%","18.8%","33.9%","32.5%","35.2%","21.1%","19.0%","23.5%","23.6%","19.6%","28.7%","26.7%","24.0%","29.8%","16.1%","14.4%","17.6%","19.4%","17.2%","21.7%","32.8%","32.4%","33.2%","23.1%","20.6%","26.4%","20.2%","19.5%","20.7%","23.7%","21.4%","26.3%","30.2%","28.7%","32.0%","21.0%","17.9%","25.4%","19.2%","15.7%","24.2%","18.1%","16.3%","20.2%","15.3%","14.5%","16.2%","31.6%","30.3%","32.7%","37.9%","36.3%","39.4%","16.1%","14.7%","17.5%","22.4%","18.7%","26.7%","35.0%","33.2%","36.8%","21.7%","18.0%","26.3%","25.5%","21.7%","29.8%","17.3%","13.9%","21.9%","30.1%","28.5%","31.6%","30.8%","29.7%","31.8%","14.4%","13.5%","15.3%","27.1%","27.1%","27.0%","15.0%","11.6%","20.9%","22.1%","19.1%","25.4%","29.6%","28.2%","31.0%","31.9%","30.6%","33.2%","33.6%","31.0%","36.1%","18.4%","16.0%","20.6%","25.0%","25.0%","25.0%","24.3%","23.8%","24.7%","18.7%","16.7%","20.7%","21.4%","19.8%","23.2%","13.5%","12.1%","14.8%","15.6%","14.3%","16.8%","26.3%","24.1%","28.3%","26.4%","25.0%","27.8%","27.4%","25.3%","29.4%","23.2%","21.9%","24.5%","25.2%","23.3%","27.1%","22.1%","21.1%","23.2%","26.4%","24.8%","27.8%","17.4%","16.0%","19.0%","39.2%","37.4%","40.9%","17.8%","16.1%","19.4%","60.2%","57.4%","63.0%","24.3%","22.1%","26.4%","22.8%","20.5%","25.8%","16.0%","15.0%","17.9%","27.6%","26.0%","29.2%","16.0%","14.4%","18.2%","22.8%","21.1%","24.6%","20.8%","17.9%","24.2%","22.7%","21.0%","24.4%"
"    65 years and over","12.4%","11.3%","13.5%","12.9%","11.1%","14.8%","16.1%","14.8%","17.4%","17.5%","13.8%","21.9%","22.5%","20.9%","24.0%","15.4%","13.7%","16.9%","17.6%","15.0%","20.8%","37.6%","37.0%","38.2%","35.1%","34.7%","35.5%","14.2%","13.2%","15.2%","29.6%","28.5%","30.6%","17.2%","15.3%","19.2%","19.4%","16.4%","23.4%","21.7%","19.5%","24.4%","12.7%","11.1%","14.2%","15.8%","13.8%","17.7%","28.3%","28.2%","28.4%","19.9%","17.8%","22.7%","15.3%","13.9%","16.5%","19.6%","17.3%","22.1%","25.9%","24.9%","27.1%","17.9%","14.9%","22.0%","15.4%","12.1%","19.9%","14.5%","13.2%","16.0%","12.8%","12.0%","13.6%","27.4%","26.4%","28.4%","33.9%","32.5%","35.2%","13.1%","11.7%","14.4%","18.9%","16.1%","22.0%","30.2%","28.7%","31.6%","17.7%","14.1%","22.3%","20.1%","17.4%","23.2%","13.8%","11.1%","17.5%","25.9%","24.7%","27.1%","26.3%","25.6%","27.0%","11.3%","10.3%","12.3%","22.6%","22.7%","22.5%","11.9%","8.6%","17.5%","18.1%","15.8%","20.6%","25.5%","24.4%","26.5%","27.8%","27.0%","28.6%","29.4%","27.3%","31.3%","15.2%","13.1%","17.3%","20.4%","20.5%","20.2%","19.9%","19.2%","20.5%","15.1%","13.4%","16.8%","17.8%","16.2%","19.6%","10.7%","9.5%","12.0%","12.6%","11.4%","13.7%","22.7%","20.6%","24.7%","22.4%","21.1%","23.6%","23.0%","21.0%","24.8%","19.5%","18.2%","20.7%","21.1%","20.1%","22.1%","18.1%","17.2%","18.9%","22.6%","21.5%","23.6%","14.4%","13.0%","15.8%","34.0%","32.5%","35.4%","14.3%","12.8%","15.7%","53.1%","51.4%","54.9%","20.1%","18.1%","22.0%","17.8%","14.3%","22.0%","12.8%","11.7%","14.7%","23.2%","21.6%","24.7%","12.9%","11.4%","14.7%","18.8%","17.5%","20.1%","17.5%","15.2%","20.3%","19.1%","17.5%","20.5%"
"    75 years and over","5.2%","4.2%","6.0%","4.8%","3.8%","5.8%","6.9%","5.9%","7.8%","7.9%","5.6%","10.8%","10.5%","9.3%","11.6%","7.0%","5.7%","8.3%","7.3%","5.9%","8.9%","17.3%","16.9%","17.7%","16.0%","15.8%","16.1%","5.3%","4.5%","6.0%","14.1%","13.8%","14.4%","7.1%","6.1%","8.2%","8.4%","6.7%","10.4%","8.1%","7.4%","9.0%","5.2%","4.1%","6.2%","6.8%","5.5%","8.0%","11.7%","11.3%","12.0%","7.0%","6.1%","8.2%","6.3%","5.3%","7.1%","8.0%","6.3%","10.0%","11.4%","10.9%","11.9%","6.8%","5.2%","9.2%","5.8%","3.8%","8.5%","6.5%","5.7%","7.3%","5.5%","4.9%","6.3%","12.7%","11.9%","13.3%","16.9%","16.2%","17.5%","5.6%","4.6%","6.5%","8.3%","6.8%","9.9%","14.8%","13.8%","15.6%","7.7%","5.5%","10.3%","7.7%","5.8%","9.8%","5.1%","4.0%","6.5%","11.7%","11.0%","12.4%","11.4%","11.0%","11.8%","4.5%","3.6%","5.3%","9.0%","9.1%","8.9%","5.6%","3.4%","9.3%","7.5%","5.8%","9.5%","11.7%","10.9%","12.3%","12.3%","12.0%","12.6%","14.7%","13.5%","16.0%","7.1%","5.7%","8.5%","7.6%","7.4%","7.8%","7.3%","6.6%","7.9%","6.5%","5.3%","7.7%","7.8%","7.1%","8.6%","4.4%","3.6%","5.2%","4.9%","4.1%","5.6%","11.8%","10.4%","13.0%","10.0%","9.2%","10.8%","10.9%","9.3%","12.4%","8.4%","7.7%","9.1%","9.0%","8.1%","9.9%","7.1%","6.4%","7.8%","10.4%","9.7%","11.0%","5.5%","4.7%","6.5%","16.7%","15.7%","17.6%","6.0%","4.9%","7.0%","19.5%","19.9%","19.1%","8.1%","7.0%","9.1%","7.2%","5.6%","9.2%","4.0%","3.0%","5.7%","10.5%","9.2%","11.8%","4.7%","3.7%","6.0%","6.8%","6.0%","7.7%","6.7%","5.5%","8.1%","8.6%","7.5%","9.6%"
"SUMMARY INDICATORS","","","","","","","","","","","","","","","","","","","","","","","","","","","","","","","","","","","","","","","","","","","","","","","","","","","","","","","","","","","","","","","","","","","","","","","","","","","","","","","","","","","","","","","","","","","","","","","","","","","","","","","","","","","","","","","","","","","","","","","","","","","","","","","","","","","","","","","","","","","","","","","","","","","","","","","","","","","","","","","","","","","","","","","","","","","","","","","","","","","","","","","","","","","","","","","","","","","","","","","","","","","",""
"    Median age (years)","31.0","30.2","32.0","36.5","35.1","38.7","39.7","38.3","41.0","41.0","37.2","45.1","47.0","45.4","48.3","40.0","38.7","41.2","40.6","39.8","42.6","57.7","56.7","58.5","55.7","54.9","56.6","39.4","38.1","40.2","49.2","47.4","50.8","40.7","38.4","42.9","40.2","38.7","42.2","46.3","44.1","49.3","36.0","34.6","37.6","37.1","34.8","39.5","50.1","48.7","50.9","43.8","40.6","47.9","40.3","38.9","41.3","42.3","37.0","45.9","45.1","44.5","46.7","44.5","41.2","49.5","40.9","37.0","44.7","34.3","33.0","36.1","33.8","32.7","35.4","48.9","47.3","50.2","52.6","50.7","54.2","36.6","35.6","37.6","42.3","38.6","46.2","51.4","49.6","52.8","41.3","39.5","44.4","45.5","42.5","49.2","38.4","36.7","40.2","46.7","45.3","47.9","47.3","46.0","48.7","30.3","29.3","31.1","46.6","45.6","47.7","36.9","35.0","39.6","41.6","39.2","44.8","47.1","45.6","48.5","48.5","46.8","49.8","51.1","49.5","52.8","39.3","37.8","40.8","46.7","46.2","47.2","44.6","43.6","45.6","36.8","34.9","38.8","40.2","39.0","41.8","34.5","33.5","35.4","35.8","34.5","37.3","44.3","42.4","45.9","44.6","43.5","45.7","47.4","45.8","48.8","40.4","39.2","41.7","44.5","43.1","45.9","42.9","41.9","44.0","44.3","42.9","45.5","39.5","37.8","41.4","54.5","52.8","55.9","39.2","37.3","40.5","66.0","65.5","66.4","41.9","40.9","43.8","41.3","38.9","44.1","39.7","40.9","37.4","46.5","44.8","48.1","40.2","40.0","40.4","43.4","42.3","44.9","42.0","40.4","43.8","41.6","40.1","43.1"
"    Sex ratio (males per 100 females)","93.5","(X)","(X)","109.6","(X)","(X)","98.9","(X)","(X)","123.5","(X)","(X)","95.5","(X)","(X)","94.6","(X)","(X)","120.0","(X)","(X)","95.1","(X)","(X)","93.5","(X)","(X)","96.9","(X)","(X)","96.5","(X)","(X)","107.4","(X)","(X)","130.7","(X)","(X)","120.2","(X)","(X)","94.0","(X)","(X)","98.8","(X)","(X)","92.3","(X)","(X)","132.7","(X)","(X)","90.0","(X)","(X)","111.0","(X)","(X)","118.2","(X)","(X)","139.0","(X)","(X)","140.0","(X)","(X)","117.1","(X)","(X)","112.9","(X)","(X)","92.6","(X)","(X)","94.5","(X)","(X)","95.1","(X)","(X)","114.9","(X)","(X)","92.4","(X)","(X)","124.3","(X)","(X)","113.4","(X)","(X)","134.6","(X)","(X)","93.7","(X)","(X)","95.9","(X)","(X)","90.7","(X)","(X)","97.0","(X)","(X)","170.7","(X)","(X)","110.7","(X)","(X)","93.5","(X)","(X)","92.6","(X)","(X)","97.5","(X)","(X)","94.3","(X)","(X)","112.9","(X)","(X)","97.7","(X)","(X)","102.6","(X)","(X)","117.6","(X)","(X)","96.7","(X)","(X)","96.9","(X)","(X)","93.7","(X)","(X)","94.8","(X)","(X)","92.2","(X)","(X)","96.1","(X)","(X)","97.6","(X)","(X)","94.4","(X)","(X)","95.2","(X)","(X)","104.9","(X)","(X)","91.3","(X)","(X)","93.3","(X)","(X)","102.2","(X)","(X)","96.8","(X)","(X)","125.6","(X)","(X)","185.1","(X)","(X)","94.9","(X)","(X)","126.3","(X)","(X)","102.6","(X)","(X)","119.9","(X)","(X)","95.6","(X)","(X)"
"    Age dependency ratio","43.8","(X)","(X)","59.8","(X)","(X)","60.5","(X)","(X)","59.5","(X)","(X)","70.2","(X)","(X)","58.7","(X)","(X)","63.4","(X)","(X)","102.9","(X)","(X)","100.5","(X)","(X)","62.6","(X)","(X)","91.6","(X)","(X)","64.2","(X)","(X)","67.1","(X)","(X)","67.8","(X)","(X)","55.3","(X)","(X)","58.0","(X)","(X)","86.9","(X)","(X)","57.4","(X)","(X)","60.3","(X)","(X)","67.5","(X)","(X)","74.2","(X)","(X)","51.0","(X)","(X)","52.2","(X)","(X)","70.9","(X)","(X)","68.0","(X)","(X)","86.2","(X)","(X)","106.7","(X)","(X)","56.9","(X)","(X)","63.9","(X)","(X)","91.2","(X)","(X)","57.4","(X)","(X)","59.0","(X)","(X)","52.9","(X)","(X)","84.6","(X)","(X)","81.6","(X)","(X)","43.2","(X)","(X)","74.6","(X)","(X)","44.8","(X)","(X)","61.5","(X)","(X)","81.7","(X)","(X)","87.2","(X)","(X)","86.1","(X)","(X)","55.9","(X)","(X)","54.7","(X)","(X)","67.7","(X)","(X)","59.5","(X)","(X)","68.2","(X)","(X)","50.4","(X)","(X)","60.6","(X)","(X)","73.6","(X)","(X)","75.1","(X)","(X)","66.7","(X)","(X)","72.9","(X)","(X)","75.3","(X)","(X)","67.0","(X)","(X)","76.7","(X)","(X)","58.7","(X)","(X)","95.9","(X)","(X)","55.9","(X)","(X)","154.0","(X)","(X)","70.9","(X)","(X)","58.8","(X)","(X)","46.7","(X)","(X)","70.2","(X)","(X)","51.2","(X)","(X)","64.6","(X)","(X)","60.0","(X)","(X)","65.1","(X)","(X)"
"    Old-age dependency ratio","17.9","(X)","(X)","20.6","(X)","(X)","25.8","(X)","(X)","27.8","(X)","(X)","38.3","(X)","(X)","24.4","(X)","(X)","28.8","(X)","(X)","76.3","(X)","(X)","70.4","(X)","(X)","23.1","(X)","(X)","56.7","(X)","(X)","28.2","(X)","(X)","32.4","(X)","(X)","36.5","(X)","(X)","19.8","(X)","(X)","24.9","(X)","(X)","52.9","(X)","(X)","31.4","(X)","(X)","24.5","(X)","(X)","32.8","(X)","(X)","45.1","(X)","(X)","27.0","(X)","(X)","23.4","(X)","(X)","24.8","(X)","(X)","21.4","(X)","(X)","51.1","(X)","(X)","70.1","(X)","(X)","20.5","(X)","(X)","30.9","(X)","(X)","57.7","(X)","(X)","27.9","(X)","(X)","32.0","(X)","(X)","21.1","(X)","(X)","47.9","(X)","(X)","47.8","(X)","(X)","16.2","(X)","(X)","39.4","(X)","(X)","17.2","(X)","(X)","29.2","(X)","(X)","46.3","(X)","(X)","52.1","(X)","(X)","54.6","(X)","(X)","23.8","(X)","(X)","31.5","(X)","(X)","33.4","(X)","(X)","24.0","(X)","(X)","29.9","(X)","(X)","16.2","(X)","(X)","20.2","(X)","(X)","39.5","(X)","(X)","39.2","(X)","(X)","38.3","(X)","(X)","33.7","(X)","(X)","37.0","(X)","(X)","30.2","(X)","(X)","39.9","(X)","(X)","22.8","(X)","(X)","66.6","(X)","(X)","22.3","(X)","(X)","134.9","(X)","(X)","34.3","(X)","(X)","28.2","(X)","(X)","18.7","(X)","(X)","39.5","(X)","(X)","19.5","(X)","(X)","30.9","(X)","(X)","28.0","(X)","(X)","31.5","(X)","(X)"
"    Child dependency ratio","25.9","(X)","(X)","39.2","(X)","(X)","34.6","(X)","(X)","31.7","(X)","(X)","31.9","(X)","(X)","34.3","(X)","(X)","34.6","(X)","(X)","26.5","(X)","(X)","30.1","(X)","(X)","39.5","(X)","(X)","34.9","(X)","(X)","36.0","(X)","(X)","34.7","(X)","(X)","31.3","(X)","(X)","35.5","(X)","(X)","33.1","(X)","(X)","34.0","(X)","(X)","26.0","(X)","(X)","35.8","(X)","(X)","34.7","(X)","(X)","29.1","(X)","(X)","24.0","(X)","(X)","28.7","(X)","(X)","46.1","(X)","(X)","46.6","(X)","(X)","35.1","(X)","(X)","36.6","(X)","(X)","36.4","(X)","(X)","32.9","(X)","(X)","33.5","(X)","(X)","29.5","(X)","(X)","27.0","(X)","(X)","31.8","(X)","(X)","36.7","(X)","(X)","33.8","(X)","(X)","27.0","(X)","(X)","35.2","(X)","(X)","27.6","(X)","(X)","32.3","(X)","(X)","35.4","(X)","(X)","35.2","(X)","(X)","31.5","(X)","(X)","32.1","(X)","(X)","23.2","(X)","(X)","34.4","(X)","(X)","35.4","(X)","(X)","38.3","(X)","(X)","34.2","(X)","(X)","40.4","(X)","(X)","34.1","(X)","(X)","35.9","(X)","(X)","28.4","(X)","(X)","39.3","(X)","(X)","38.3","(X)","(X)","36.8","(X)","(X)","36.8","(X)","(X)","35.8","(X)","(X)","29.3","(X)","(X)","33.6","(X)","(X)","19.1","(X)","(X)","36.6","(X)","(X)","30.6","(X)","(X)","28.0","(X)","(X)","30.7","(X)","(X)","31.8","(X)","(X)","33.7","(X)","(X)","32.0","(X)","(X)","33.7","(X)","(X)"
"PERCENT ALLOCATED","","","","","","","","","","","","","","","","","","","","","","","","","","","","","","","","","","","","","","","","","","","","","","","","","","","","","","","","","","","","","","","","","","","","","","","","","","","","","","","","","","","","","","","","","","","","","","","","","","","","","","","","","","","","","","","","","","","","","","","","","","","","","","","","","","","","","","","","","","","","","","","","","","","","","","","","","","","","","","","","","","","","","","","","","","","","","","","","","","","","","","","","","","","","","","","","","","","","","","","","","","","",""
"    Sex","0.1%","(X)","(X)","0.0%","(X)","(X)","0.2%","(X)","(X)","0.1%","(X)","(X)","0.1%","(X)","(X)","0.1%","(X)","(X)","0.0%","(X)","(X)","0.0%","(X)","(X)","0.1%","(X)","(X)","0.1%","(X)","(X)","0.1%","(X)","(X)","0.0%","(X)","(X)","0.2%","(X)","(X)","0.0%","(X)","(X)","0.1%","(X)","(X)","0.1%","(X)","(X)","0.0%","(X)","(X)","0.0%","(X)","(X)","0.1%","(X)","(X)","0.3%","(X)","(X)","0.0%","(X)","(X)","0.8%","(X)","(X)","0.0%","(X)","(X)","0.0%","(X)","(X)","0.0%","(X)","(X)","0.1%","(X)","(X)","0.1%","(X)","(X)","0.1%","(X)","(X)","0.1%","(X)","(X)","0.2%","(X)","(X)","0.0%","(X)","(X)","0.0%","(X)","(X)","0.0%","(X)","(X)","0.1%","(X)","(X)","0.1%","(X)","(X)","0.1%","(X)","(X)","0.0%","(X)","(X)","2.0%","(X)","(X)","0.1%","(X)","(X)","0.1%","(X)","(X)","0.2%","(X)","(X)","0.1%","(X)","(X)","0.1%","(X)","(X)","0.2%","(X)","(X)","0.3%","(X)","(X)","0.1%","(X)","(X)","0.1%","(X)","(X)","0.1%","(X)","(X)","0.1%","(X)","(X)","0.1%","(X)","(X)","0.1%","(X)","(X)","0.1%","(X)","(X)","0.1%","(X)","(X)","0.0%","(X)","(X)","0.1%","(X)","(X)","0.1%","(X)","(X)","0.1%","(X)","(X)","0.1%","(X)","(X)","0.0%","(X)","(X)","0.1%","(X)","(X)","0.0%","(X)","(X)","0.1%","(X)","(X)","0.0%","(X)","(X)","0.1%","(X)","(X)","0.1%","(X)","(X)","0.0%","(X)","(X)","0.2%","(X)","(X)","0.1%","(X)","(X)"
"    Age","1.1%","(X)","(X)","2.2%","(X)","(X)","2.0%","(X)","(X)","1.3%","(X)","(X)","1.5%","(X)","(X)","2.2%","(X)","(X)","3.0%","(X)","(X)","1.6%","(X)","(X)","1.7%","(X)","(X)","1.9%","(X)","(X)","2.1%","(X)","(X)","0.9%","(X)","(X)","2.1%","(X)","(X)","0.1%","(X)","(X)","2.1%","(X)","(X)","1.1%","(X)","(X)","2.7%","(X)","(X)","1.8%","(X)","(X)","2.0%","(X)","(X)","0.5%","(X)","(X)","1.5%","(X)","(X)","3.6%","(X)","(X)","0.6%","(X)","(X)","1.1%","(X)","(X)","1.7%","(X)","(X)","2.1%","(X)","(X)","1.2%","(X)","(X)","1.4%","(X)","(X)","2.1%","(X)","(X)","1.1%","(X)","(X)","1.0%","(X)","(X)","1.5%","(X)","(X)","2.8%","(X)","(X)","2.3%","(X)","(X)","1.5%","(X)","(X)","1.6%","(X)","(X)","0.7%","(X)","(X)","0.8%","(X)","(X)","1.9%","(X)","(X)","3.5%","(X)","(X)","2.4%","(X)","(X)","4.8%","(X)","(X)","2.3%","(X)","(X)","2.3%","(X)","(X)","1.8%","(X)","(X)","1.3%","(X)","(X)","2.0%","(X)","(X)","2.7%","(X)","(X)","2.4%","(X)","(X)","3.6%","(X)","(X)","2.2%","(X)","(X)","1.7%","(X)","(X)","4.8%","(X)","(X)","2.6%","(X)","(X)","3.9%","(X)","(X)","2.8%","(X)","(X)","0.8%","(X)","(X)","1.9%","(X)","(X)","1.6%","(X)","(X)","2.2%","(X)","(X)","1.8%","(X)","(X)","1.2%","(X)","(X)","1.0%","(X)","(X)","2.9%","(X)","(X)","0.7%","(X)","(X)","0.9%","(X)","(X)","1.5%","(X)","(X)","2.3%","(X)","(X)"